{"Loss/Total Loss": NaN, "Loss/KL Param Loss": NaN, "Loss/Recon target Loss": -0.0010000000474974513, "Loss/Recon Source Loss": -0.0010000000474974513, "Loss/Smooth Inf Loss": NaN, "Loss/Smooth Neg Loss": NaN, "Loss/Lag Gardient Loss": NaN, "Loss/Recon Lag Loss": -0.0020000003278255463, "Loss/Recon Lag Loss L1": 0, "_timestamp": 1750437196.4154365, "_runtime": 9850.281654596329, "_step": 2651, "_wandb": {"runtime": 9850}}