{"Loss/Total Loss": -11.16286563873291, "Loss/KL Param Loss": 7.8629255294799805, "Loss/Recon target Loss": -0.8265169262886047, "Loss/Recon Source Loss": -0.8262936472892761, "Loss/Smooth Inf Loss": 0.0006129752146080136, "Loss/Smooth Neg Loss": 0.0006120131583884358, "Loss/Lag Gardient Loss": 0, "Loss/Recon Lag Loss": 0, "Loss/Recon Lag Loss L1": 0, "_timestamp": 1750447334.2928226, "_runtime": 9670.533875703812, "_step": 3595, "_wandb": {"runtime": 9671}}