{"Loss/Total Loss": -11.671721458435059, "Loss/KL Param Loss": 8.94455623626709, "Loss/Recon target Loss": -0.8222644925117493, "Loss/Recon Source Loss": -0.8222209811210632, "Loss/Smooth Inf Loss": 0.0005180565640330315, "Loss/Smooth Neg Loss": 0.0005174718680791557, "Loss/Lag Gardient Loss": 0.008820916526019573, "Loss/Recon Lag Loss": -1.5582466125488281, "Loss/Recon Lag Loss L1": 0, "_timestamp": 1750425657.5660856, "_runtime": 386.4618706703186, "_step": 108, "_wandb": {"runtime": 386}}