{"Loss/Total Loss": -14.417274475097656, "Loss/KL Param Loss": 8.116165161132812, "Loss/Recon target Loss": -0.9906703233718872, "Loss/Recon Source Loss": -0.9906843900680542, "Loss/Smooth Inf Loss": 0.0007907104445621371, "Loss/Smooth Neg Loss": 0.0007907191757112741, "Loss/Lag Gardient Loss": 0.009731960482895374, "Loss/Recon Lag Loss": -1.8609764575958252, "Loss/Recon Lag Loss L1": 0, "_timestamp": 1749743260.3194847, "_runtime": 17802.415147781372, "_step": 6012, "_wandb": {"runtime": 17803}}