{"Loss/Total Loss": -13.872806549072266, "Loss/KL Param Loss": 7.939450263977051, "Loss/Recon target Loss": -0.9758914113044739, "Loss/Recon Source Loss": -0.9751614332199097, "Loss/Smooth Inf Loss": 0.0012581264600157738, "Loss/Smooth Neg Loss": 0.0012579094618558884, "Loss/Lag Gardient Loss": 0.012773489579558372, "Loss/Recon Lag Loss": -1.746683120727539, "Loss/Recon Lag Loss L1": 0, "_timestamp": 1750427252.7568, "_runtime": 1132.5122079849243, "_step": 328, "_wandb": {"runtime": 1134}}